{
  "terminal_value": 6552.879421120581,
  "npv": 1199.726499416337,
  "lev": 1465.3869105889366
}