{
  "npv": 1059.0632912992207,
  "lev": 1293.5760653033242,
  "thin_revenue": 236.99118713887847,
  "terminal_value": 5871.0882299748955,
  "disturbance_years": [],
  "disturbance_severities": []
}