{
  "npv": 1199.726499416337,
  "lev": 1465.3869105889366,
  "thin_revenue": 264.7819025616866,
  "terminal_value": 6552.879421120581,
  "disturbance_years": [],
  "disturbance_severities": []
}