{
  "terminal_value": 5871.0882299748955,
  "npv": 1059.0632912992207,
  "lev": 1293.5760653033242
}